9780062964083,Infinitum: An Afrofuturist Tale
9780394747231,Maus I: A Survivor's Tale: My Father Bleeds History
9780785108559,Captain Britain TPB
9780785120124,Incredible Hulk: Planet Hulk
9780785120469,Silver Surfer: Rebirth of Thanos (Fantastic Four)
9780785121794,Civil War
9780785134503,Spider-Man: Kraven's Last Hunt
9780785134794,Daredevil: The Man Without Fear
9780785137245,Wolverine by Claremont & Miller (Marvel Premiere Classic)
9780785142867,Marvels
9780785154624,Miracleman Vol. 1: A Dream Of Flying (Parental Advisory Edition) (Miracleman: Parental Advisory Edition)
9780785157267,"Marvel Graphic Novel #5: X-Men: God Loves, Man Kills (Marvel Graphic Novel (1982))"
9780785167273,Spider-Man: Death of the Stacys
9780785168508,Avengers Vs. Thanos
9780785170723,Iron Man: Demon In A Bottle [New Printing 2]
9780785170938,Secret Wars
9780785178460,Black Widow: The Name of the Rose
9780785181934,"Wolverine & the X-Men, Vol. 1"
9780785182092,Daredevil by Bendis and Maleev Ultimate Collection Vol. 1 (Daredevil (1998-2011))
9780785184546,Dr. Strange & Dr. Doom: Triumph & Torment
9780785190219,Ms. Marvel Vol. 1: No Normal (Ms. Marvel Graphic Novels)
9780785193647,X-men Age of Apocalypse 1: Alpha
9780785194736,Ultimate Invasion
9780785198956,Secret Wars
9780785199618,Spider-Man: Miles Morales Vol. 1
9781302377045,Daredevil by Frank Miller and Klaus Janson Vol. 1 (Daredevil (1964-1998))
9781302402228,Ms. Marvel Vol. 1: No Normal (Ms. Marvel Graphic Novels)
9781302480998,Venom by Rick Remender: The Complete Collection Vol. 1 (Venom (2011-2013))
9781302488673,Ultimates: Omniversal Vol. 1: Start With The Impossible (Ultimates (2015-2016))
9781302494926,Nighthawk: Hate Makes Hate (Nighthawk (2016))
9781302513603,"Miles Morales: Ultimate Spider-Man Ultimate Collection Book 1 (Ultimate Spider-Man (Graphic Novels), 1)"
9781302515072,New Mutants Epic Collection: The Demon Bear Saga (New Mutants (1983-1991))
9781302515492,Captain America: Winter Soldier Ultimate Collection (Captain America (2004-2011))
9781302517946,Secret Warriors: The Complete Collection Vol. 1: The Complete Collection Volume 1 (Secret Warriors (2008-2011))
9781302517960,"Daredevil by Mark Waid, Vol. 1"
9781302900533,Black Panther: A Nation Under Our Feet Book 1
9781302901905,BLACK PANTHER EPIC COLLECTION: PANTHER'S RAGE
9781302901967,New X-Men Omnibus
9781302907693,The Incredible Hulk: Planet Hulk Omnibus
9781302911386,Doctor Strange Epic Collection: Master Of The Mystic Arts (Strange Tales (1951-1968) Book 1)
9781302912123,X-Men: The Dark Phoenix Saga
9781302912550,Immortal Hulk Vol. 1: Or Is He Both?
9781302913274,THE FANTASTIC FOUR OMNIBUS VOL. 1 [NEW PRINTING 2]
9781302913281,Fantastic Four by John Byrne Omnibus Vol. 1 (Fantastic Four (1961-1996))
9781302914981,Daredevil By Chip Zdarsky Vol. 1: Know Fear
9781302914998,"Daredevil By Chip Zdarsky Vol. 2: No Devils, Only God"
9781302915469,SHE-HULK BY SOULE & PULIDO: THE COMPLETE COLLECTION
9781302915704,House Of X/Powers Of X
9781302917333,Spider-Man: Life Story
9781302923730,Spider-Man By Todd Mcfarlane: The Complete Collection
9781302931872,Ultimate Spider-Man Omnibus Vol. 1 [New Printing]
9781302933630,Moon Knight By Lemire & Smallwood: The Complete Collection
9781302944285,X-Men Red By Al Ewing Vol. 1
9781302945633,The Amazing Spider-Man Omnibus Vol. 1 (Amazing Spider-Man (1963-1998))
9781302945947,Daredevil Epic Collection: It Comes With The Claws
9781302947729,Daredevil By Saladin Ahmed Vol. 1: Hell Breaks Loose
9781302950330,Amazing Spider-Man Epic Collection: Kraven's Last Hunt [New Printing]
9781302950507,X-Men Epic Collection: The Fate Of The Phoenix
9781302952747,Civil War II (Civil War II (2016))
9781302954161,Incredible Hulk Vol. 1: Age Of Monsters (Incredible Hulk (2023-2025))
9781302955236,Avengers Epic Collection: The Evil Reborn
9781302955595,"X-Men Epic Collection: God Loves, Man Kills"
9781302956219,Daredevil By Chip Zdarsky Omnibus Vol. 1 Tedesco Cover
9781302957292,Ultimate Spider-Man By Jonathan Hickman Vol. 1: Married With Children
9781302957308,Ultimate Black Panther By Bryan Hill Vol. 1: Peace And War
9781302957513,Ultimates By Deniz Camp Vol. 1: Fix The World
9781302957810,Amazing Spider-Man Epic Collection: The Secret Of The Petrified Tablet [New Printing] (Marvel Amazing Spider-Man)
9781302957834,X-Men Epic Collection: Children Of The Atom [New Printing 2]
9781302957902,Amazing Spider-Man Epic Collection: Assassin Nation [New Printing]
9781302957964,New X-Men Modern Era Epic Collection: E Is For Extinction (X-Men Epic Collection)
9781302958190,Ultimates By Deniz Camp Vol. 3: Rescue Mission
9781302958237,Ultimate Black Panther By Bryan Hill Vol. 2: Gods And Kings
9781302958282,Ultimate Spider-Man By Jonathan Hickman Vol. 2: The Paper
9781302958299,Ultimate Spider-Man By Jonathan Hickman Vol. 3: Family Business
9781302958336,Ultimate X-Men By Peach Momoko Vol. 2: Children Of The Atom
9781302958343,Ultimate X-Men By Peach Momoko Vol. 3: The Realm Of The Mind
9781302958343,Ultimate X-Men By Peach Momoko Vol. 3: The Realm Of The Mind (Ultimate X-Men (2024-))
9781302960490,Amazing Spider-Man Epic Collection: Spider-Man - Threat Or Menace?
9781302962005,Jeph Loeb & Tim Sale: Spider-Man
9781302962012,Jeph Loeb & Tim Sale: Daredevil
9781302962029,Jeph Loeb & Tim Sale: Hulk
9781302962036,Jeph Loeb & Tim Sale: Captain America (CAPTAIN AMERICA: WHITE)
9781302962050,Ultimate Wolverine Vol. 1: The Winter Soldier
9781302962067,Ultimate Wolverine Vol. 2: Logan
9781302963002,Ultimate Spider-Man Epic Collection: Learning Curve
9781302964818,Ultimate Incursion (ULTIMATE SPIDER-MAN: INCURSION)
9781302964863,Captain America: The Winter Soldier [Marvel Premier Collection]
9781302964870,Fantastic Four: Solve Everything [Marvel Premier Collection]
9781302965402,Amazing Spider-Man Modern Era Epic Collection: The Life And Death Of Spiders
9781302965549,Civil War [Marvel Premier Collection]
9781302965556,Hawkeye: My Life As A Weapon [Marvel Premier Collection]
9781302965570,The Visions [Marvel Premier Collection]
9781302965587,Wolverine: Old Man Logan [Marvel Premier Collection]
9781302965983,Daredevil: Born Again [Marvel Premier Collection]
9781302967086,Amazing Spider-Man Modern Era Epic Collection: Sins Past
9781302967949,Ultimate Spider-Man Epic Collection: Hunted
9781302968342,Daredevil: Back In Black
9781302968359,Daredevil: The Dark Art (DAREDEVIL: BACK IN BLACK)
9781302968458,Doctor Doom Epic Collection: Revolution In Latveria
9781302968571,Web Of Spider-Man Omnibus Vol. 2 (Web of Spider-Man (1985-1995))
9781302968632,Wolverine: Not Dead Yet Omnibus Leinil Yu Cover
9781302968663,Spider-Man: Brand New Day
9781302969097,Planet Hulk [Marvel Premier Collection]
9781302969325,"Punisher: Welcome Back, Frank [Marvel Premier Collection]"
9781401201920,"Birds of Prey, Vol. 1: Of Like Minds"
9781401207526,Batman: Year One
9781401212414,Batman and Son (Batman (1940-2011))
9781401213596,Batman: Ego and Other Tails
9781401216269,Batman: The Man Who Laughs
9781401216993,"The Starman Omnibus, Vol. 1"
9781401219215,Y: The Last Man Book One
9781401219239,"Gotham Central, Book 1: In the Line of Duty"
9781401220341,Kingdom Come
9781401225759,The Sandman Vol. 1: Preludes & Nocturnes (New Edition)
9781401225766,Batman: R.I.P. by Grant Morrison and Tony S. Daniel: Absolute Edition (Batman R.i.p. Absolute Edition)
9781401229870,Batman and Robin (2009-2011) Vol. 1: Batman Reborn (Batman by Grant Morrison series Book 7)
9781401231453,Batman: Under the Red Hood
9781401232054,All-Star Superman
9781401232078,Batman: The Black Mirror
9781401232597,Batman: The Long Halloween
9781401232740,Batman: A Death in the Family
9781401232993,Superman: Secret Origin
9781401233143,"JLA: The Deluxe Edition, Vol. 1"
9781401233792,"Batman: Knightfall, Vol. 1"
9781401233846,Catwoman (2002-2008) Vol. 1: Trail of the Catwoman
9781401234553,"Green Lantern, Vol. 1: Sinestro"
9781401235178,Green Lantern/Green Arrow
9781401235420,Batman Vol. 1: The Court of Owls (The New 52)
9781401238025,"John Constantine, Hellblazer Vol. 5: Dangerous Habits (New Edition) (John Constantive: Hellblazer (Graphic Novels))"
9781401238964,Watchmen: The Deluxe Edition
9781401240332,Batgirl/Robin: Year One
9781401240455,Preacher Book One
9781401244019,Batman: Dark Victory (New Edition)
9781401244163,Legion of Super-Heroes: The Great Darkness Saga Deluxe Edition (2025 Edition)
9781401245252,Watchmen (2019 Edition)
9781401248888,DC: The New Frontier Deluxe Edition
9781401251345,Green Lantern by Geoff Johns Omnibus Vol. 1
9781401251468,Punk Rock Jesus: Deluxe Edition
9781401253134,Justice League International Vol. 1
9781401254728,Gotham Academy Vol. 1: Welcome to Gotham Academy (The New 52)
9781401255268,Green Lantern by Geoff Johns Omnibus Vol. 2
9781401257965,Absolute Green Lantern/Green Arrow
9781401257989,Batgirl Vol. 1: Batgirl of Burnside
9781401258207,Green Lantern by Geoff Johns Omnibus Vol. 3
9781401258238,Justice League: A League of One
9781401258313,Suicide Squad Vol. 1: Trial by Fire
9781401263119,Batman: The Dark Knight Returns 30th Anniversary Edition
9781401263126,Doom Patrol Book One
9781401263522,Batgirl (2000-2006) Vol. 2: To the Death
9781401265854,Batgirl (2000-2006) Vol. 3: Point Blank
9781401267353,Flash by Mark Waid: Book One (The Flash (1987-2009) 1)
9781401267452,Injustice: Gods Among Us Year One: The Complete Collection
9781401268237,Deathstroke Vol. 1: The Professional (Rebirth)
9781401270261,52 Vol. 1: New Edition
9781401271947,Wonder Woman by George Perez Vol. 1 (2024 Edition)
9781401274375,Absolute Justice League: Origin
9781401278991,Doom Patrol by Gerard Way and Nick Derington: The Deluxe Edition
9781401283292,Harley Quinn: Breaking Glass
9781401283544,Mister Miracle
9781401284626,Absolute Kingdom Come (New Edition)
9781401286231,Teen Titans: Raven
9781401287191,Teen Titans: Beast Boy
9781401288136,The Flash/Green Lantern: The Brave & the Bold Deluxe Edition
9781401290832,All-Star Superman
9781401292317,The Authority Omnibus
9781401295295,The Green Lantern Vol. 1: Intergalactic Lawman
9781401295325,The Flash by Geoff Johns Omnibus Vol. 1
9781401297244,Batman: Hush (New Edition)
9781506702162,Moebius Library: The World of Edena
9781506711423,The Umbrella Academy Volume 3: Hotel Oblivion
9781506726823,Cyberpunk 2077 Omnibus Volume 1
9781524108595,The Boys Omnibus Vol. 1 (BOYS OMNIBUS TP 2018)
9781524109707,The Boys Omnibus Vol. 2 (BOYS OMNIBUS TP 2018)
9781524111403,The Boys Omnibus Vol. 4 (BOYS OMNIBUS TP 2018)
9781534300286,Kill or Be Killed Volume 1
9781534300361,Snotgirl Volume 1: Green Hair Don't Care
9781534302280,Kill or Be Killed Volume 2
9781534303348,Paper Girls Deluxe Edition Volume 1
9781534306752,Ice Cream Man Volume 1: Rainbow Sprinkles
9781534306868,Invincible Compendium Volume 3
9781534308527,Gideon Falls Volume 1: The Black Barn
9781534308763,Ice Cream Man Volume 2: Strange Neapolitan
9781534312265,Ice Cream Man Volume 3: Hopscotch Melange
9781534312357,Murder Falcon
9781534313408,Walking Dead Compendium Volume 4
9781534318335,The Department of Truth Volume 1: The End Of The World
9781534319165,Radiant Black Volume 1: (Not So) Secret Origin (Massive-Verse)
9781534321281,Clementine Book One (1)
9781534322042,Astro City Metrobook Volume 1
9781534323285,Radiant Black Volume 3: Rogues' Gallery (Massive-Verse)
9781534323865,It's Lonely at the Centre of the Earth
9781534324749,Do a Powerbomb
9781534324770,Radiant Black Volume 4: Two-In-One (Massive-Verse)
9781534325197,Clementine Book Two (2)
9781534325937,Lovesick
9781534327764,Invincible Complete Library Hardcover Vol. 6 (6)
9781534328013,Invincible Volume 9 (New Edition)
9781534328020,Invincible Volume 10 (New Edition)
9781534328037,Invincible Volume 11 (New Edition)
9781534328044,Invincible Volume 12 (New Edition)
9781534328075,G.I. Joe Vol. 1: The Cobra Strikes!
9781534328297,East of West: The End Times Compendium
9781534329553,Scarlett Vol. 1 (1) (Energon Universe)
9781534329898,Transformers Vol. 3: Combiner Chaos
9781534329904,G.I. Joe Vol. 2: Bludd's Revenge
9781534329928,Invincible Volume 15 (New Edition)
9781534329935,Invincible Universe: Battle Beast Vol. 2: The Emissary
9781534330085,Invincible Volume 14 (New Edition)
9781534330306,Invincible Universe: Capes Vol. 1: Punching the Clock
9781534330382,I Was a Fashion School Serial Killer
9781534330405,G.I. Joe Vol. 4: The Hunt for Energon
9781534330566,Tech Jacket Compendium Vol. 1 (Invincible)
9781534330849,The Power Fantasy Volume 3: The End of History
9781534330948,Assorted Crisis Events Volume 2
9781534331457,Barrier: The Collected Edition
9781534332584,Transformers Vol. 4: Conquer and Control
9781534332638,Transformers Vol. 6: Decepticons Attack!
9781534332898,Invincible Volume 13 (New Edition)
9781534332980,Invincible Omnibus Vol. 1
9781534333109,The Power Fantasy Volume 2: Mutually Reassuring Destruction
9781534333208,Five Gears In Reverse: A Criminal Book
9781534333277,Invincible Universe: Battle Beast Vol. 1: Heart of Glory
9781534333451,G.I. Joe Vol. 3: Dreadnok War
9781534333550,Transformers Vol. 5: Generation One
9781534333963,Assorted Crisis Events Volume 1
9781534334441,SPSS Made Easy: A Practical Guide to Statistical Analysis for Students and Researchers
9781534335370,G.I. Joe: A Real American Hero Vol. 5
9781534340268,Invincible Volume 5 (New Edition)
9781534345270,Transformers Vol. 2
9781534357686,Destro Vol. 1 (1) (Energon Universe)
9781534358058,Invincible Volume 6 (New Edition)
9781534367364,Rook: Exodus Volume 1: Fight or Flight
9781534375062,Invincible Volume 7 (New Edition)
9781534395565,The Power Fantasy Volume 1: The Superpowers
9781534396807,Invincible Volume 8 (New Edition)
9781534397378,Clementine Book Three (3)
9781534397705,The Complete Invincible Library Volume 5
9781534398085,Invincible Volume 4 (New Edition)
9781534398092,Invincible Volume 3 (New Edition)
9781534398153,Cobra Commander Volume 1: Determined to Rule the World (Energon Universe)
9781534398160,Duke Volume 1: Knowing is Half the Battle (Energon Universe)
9781534398177,Transformers Vol. 1: Robots in Disguise
9781534398184,Void Rivals Volume 1: More than Meets the Eye (1) (Energon Universe)
9781534399037,Invincible Volume 2 (New Edition)
9781534399068,The Complete Invincible Library Volume 4
9781534399952,Invincible Volume 1 (New Edition)
9781534399969,Invincible Universe Compendium Volume 1
9781563890055,"Animal Man, Book 1 - Animal Man"
9781563893421,Batman: The Dark Knight Returns
9781563893742,Manhunter: The Special Edition
9781563894695,Batman: The Long Halloween
9781582405001,Invincible: The Ultimate Collection Volume 1
9781582405308,"The Walking Dead, Vol. 4: The Heart's Desire"
9781582406121,"The Walking Dead, Vol. 5: The Best Defense"
9781582406725,"The Walking Dead, Vol. 1: Days Gone Bye"
9781582406848,"The Walking Dead, Vol. 6: This Sorrowful Life"
9781582407111,Invincible Volume 1: Family Matters
9781582407180,"The Complete Invincible Library, Vol. 1"
9781582407753,"The Walking Dead, Vol. 2: Miles Behind Us"
9781582408057,"The Walking Dead, Vol. 3: Safety Behind Bars"
9781582408286,"The Walking Dead, Vol. 7: The Calm Before"
9781582408835,"The Walking Dead, Vol. 8: Made to Suffer"
9781593070946,"Hellboy, Vol. 1: Seed of Destruction"
9781593076405,Commencement
9781593079789,"The Umbrella Academy, Vol. 1"
9781595823458,The Umbrella Academy: Dallas
9781595828934,Grendel Omnibus Volume 1: Hunter Rose
9781607060222,Walking Dead Volume 9: Here We Remain
9781607060758,"The Walking Dead, Vol. 10: What We Become"
9781607060765,The Walking Dead: Compendium One
9781607061120,The Complete Invincible Library Volume 2
9781607061816,"The Walking Dead, Vol. 11: Fear The Hunters"
9781607062547,"The Walking Dead, Vol. 12: Life Among Them"
9781607062554,Invincible Presents: Atom Eve & Rex Splode Vol. 1 (Invincible Presents: Atom Eve and Rex Splode)
9781607063292,"The Walking Dead, Vol. 13: Too Far Gone"
9781607064114,Invincible Compendium Volume 1
9781607064213,The Complete Invincible Library Volume 3
9781607065968,The Walking Dead: Compendium Two
9781607066019,"Saga, Vol. 1"
9781607067702,East of West Volume 1: The Promise
9781607067726,Invincible Compendium Volume 2
9781607069461,Sex Criminals Volume 1: One Weird Trick
9781613770078,"Teenage Mutant Ninja Turtles: The Ultimate Collection, Vol. 1"
9781616552473,Frank Miller: The Art of Sin City
9781631404740,Transformers: More Than Meets The Eye Box Set
9781632152121,Sunstone Vol. 1
9781632152299,Sunstone Volume 2
9781632154569,The Walking Dead: Compendium Three
9781632158864,Head Lopper Volume 1: The Island or a Plague of Beasts
9781684056873,"Teenage Mutant Ninja Turtles: Reborn, Vol. 1 - From The Ashes (TMNT Reborn)"
9781684058419,Teenage Mutant Ninja Turtles: The Last Ronin
9781684157648,Something is Killing the Children Book One Deluxe Edition
9781684158058,The Many Deaths of Laila Starr
9781779501127,Watchmen (2019 Edition)
9781779502131,The Green Lantern Vol. 1: Intergalactic Lawman
9781779503862,Teen Titans: Beast Boy Loves Raven
9781779504210,Superman Smashes the Klan
9781779504463,The Batman Who Laughs
9781779507198,Batgirl Returns Omnibus
9781779511553,Absolute Wonder Woman: Gods and Mortals
9781779512055,Far Sector
9781779512058,Far Sector
9781779513458,"The Flash by Geoff Johns Omnibus Vol. 3 (Flash Omnibus, 3)"
9781779514349,The Nice House on the Lake Vol. 1
9781779515346,Doom Patrol by Rachel Pollack Omnibus (Doom Patrol Omnibus)
9781779515681,Supergirl: Woman of Tomorrow
9781779516831,Batgirl: Year One: (2023 Edition)
9781779516992,Nightwing Vol. 1: Leaping into the Light
9781779517272,Flashpoint (New Edition)
9781779517999,Teen Titans: Starfire
9781779520050,Nightwing: Fear State
9781779521149,Nightwing: The Joker War
9781779523020,Nightwing Vol. 2: Get Grayson
9781779525031,Poison Ivy Vol. 1: The Virtuous Cycle
9781779525123,Titans Vol. 1: Out of the Shadows
9781779525222,Nightwing Vol. 3: The Battle for Blüdhaven's Heart
9781779525673,JLA Book One
9781779525888,Justice League Dark: Rebirth Omnibus
9781779526311,Absolute Justice League: The World's Greatest Super-Heroes by Alex Ross & Paul Dini (New Edition)
9781779526526,Batman: Detective Comics Vol. 1: Gotham Nocturne: Overture
9781779526984,"The Flash by Joshua Williamson Omnibus Vol. 1 (Flash Omnibus, 1)"
9781779527257,All-Star Superman: DC Compact Comics Edition
9781779527264,Batman: Hush: DC Compact Comics Edition
9781779527271,Batman: The Court of Owls Saga: DC Compact Comics Edition
9781779527288,Catwoman: Trail of the Catwoman: DC Compact Comics Edition
9781779527301,Harley Quinn & the Gotham City Sirens: DC Compact Comics Edition
9781779527325,Watchmen: DC Compact Comics Edition
9781779527332,Wonder Woman: Earth One: DC Compact Comics Edition
9781779527349,American Vampire Book One: DC Compact Comics Edition
9781779527585,Absolute Justice (New Edition)
9781779527653,Green Lantern by Geoff Johns Book One (New Edition)
9781779527882,Poison Ivy Vol. 2: Unethical Consumption
9781779528025,Nightwing Vol. 4: The Leap
9781779528100,Poison Ivy Vol. 3: Mourning Sickness
9781779528346,DC Finest: Wonder Woman: Origins & Omens
9781779528353,DC Finest: Batman: Year One & Two
9781779528360,DC Finest: The Flash: The Human Thunderbolt
9781779528377,DC Finest: Justice League of America: The Bridge Between Earths
9781779528438,Poison Ivy Vol. 4: Origin of Species
9781779528483,DC Finest: Green Lantern: The Defeat of Green Lantern
9781779529435,Nightwing Vol. 6: Standing at the Edge
9781779529534,Nightwing Vol. 5: Time of the Titans
9781799500506,Green Lantern Vol. 2: Love and War
9781799500537,Titans Vol. 2: The Dark-Winged Queen (DC Titans)
9781799500742,Absolute Green Lantern: The Sinestro Corps War (2025 Edition)
9781799500803,Zatanna: Bring Down The House
9781799500896,Nightwing Vol. 7: Fallen Grayson
9781799501152,JLA Book Two (DC JLA)
9781799501299,Kingdom Come: DC Compact Comics Edition
9781799501541,Static: Season One: DC Compact Comics Edition
9781799501633,DCeased: DC Compact Comics Edition
9781799501916,Superman: Birthright: DC Compact Comics Edition
9781799501992,The Authority: Relentless: DC Compact Comics Edition
9781799502012,DC Finest: Wonder Woman: The Legend of Wonder Woman
9781799502043,Poison Ivy Vol. 5: Human Botany
9781799502135,Superman/Batman: DC Compact Comics Edition
9781799502340,DC: The New Frontier: DC Compact Comics Edition
9781799502449,DC Finest: Justice League of America: The Return
9781799502579,Poison Ivy Vol. 6: A Death in Marshview
9781799502678,Absolute Batman: Dark Victory (2025 Edition)
9781799502883,Batman: The Long Halloween: DC Compact Comics Edition
9781799503026,DC Finest: The Flash: The Fastest Man Dead
9781799503033,Harley Quinn: Wild at Heart: DC Compact Comics Edition
9781799503125,Wonder Woman Vol. 4: The Island of Mice and Men
9781799503132,V for Vendetta: DC Compact Comics Edition
9781799503262,DC Finest: Green Lantern: Earth's Other Green Lantern
9781799503361,DC Finest: Wonder Woman: Introducing Wonder Woman
9781799505198,Absolute Flash Vol. 1: Of Two Worlds (Absolute Universe)
9781799505211,Absolute Martian Manhunter Vol. 1: Martian Vision (Absolute Universe)
9781799505242,Absolute Batman Vol. 1: The Zoo (Absolute Universe)
9781799505259,Absolute Batman Vol. 1: The Zoo (Absolute Universe)
9781799505297,Absolute Wonder Woman Vol. 1: The Last Amazon (Absolute Universe)
9781799505303,Absolute Wonder Woman Vol. 1: The Last Amazon (Absolute Universe)
9781799505334,Absolute Superman Vol. 1: Last Dust of Krypton (Absolute Universe)
9781799505341,Batgirl Vol. 1: Mother
9781799505501,Zatanna: It's Showtime!
9781799505556,Absolute Green Lantern Vol. 1: Without Fear (Absolute Universe)
9781799505662,The Bat-Man: Second Knight
9781799505686,DC X SONIC THE HEDGEHOG
9781799505945,Batman and Robin: Year One
9781799506089,"Batgirl Vol. 2: Bloodlines (Batgirl Bloodlines, 2)"
9781799506171,Supergirl Vol. 1: Misadventures in Midvale
9781799506218,Superman: The Kryptonite Spectrum
9781799506386,Mr. Terrific: Year One
9781799506652,Batman: Gotham by Gaslight: DC Compact Comics Edition
9781799506904,Supergirl: Woman of Tomorrow: DC Compact Comics
9781799506997,Batman: Arkham Asylum: DC Compact Comics
9781799507413,Batman: White Knight: DC Compact Comics Edition
9781799507444,DC Finest: Wonder Woman: Enter the Cheetah
9781799507505,Absolute Batman Vol. 2: Abomination (Absolute Universe)
9781799507512,Absolute Batman Vol. 2: Abomination (Absolute Universe)
9781799507529,Absolute Superman Vol. 2: Son of the Demon (Absolute Universe)
9781799507536,Absolute Wonder Woman Vol. 2: As My Mothers Made Me (Absolute Universe)
9781799507543,Absolute Wonder Woman Vol. 2: As My Mothers Made Me (Absolute Universe)
9781799507697,The Flash: Rebirth: DC Compact Comics Edition
9781799507703,Nightwing: Leaping into the Light: DC Compact Comics Edition
9781799507710,DC Finest: Deadman: How Many Times Can a Guy Die?
9781799507734,DC Finest: Justice League of America: Starro the Conqueror
9781799507864,Batman: The Dark Knight Returns: DC Compact Comics Edition
9781799507932,JLA Book Three
9781799508007,Green Arrow By Jeff Lemire and Andrea Sorrentino: The Deluxe Edition (New Edition)
9781799508038,Batman: Urban Legends Omnibus Vol. 1
9781799508045,Zatanna by Paul Dini Omnibus
9781799508076,Gotham Central: DC Compact Comics Edition
9781799508083,Green Arrow: Year One: DC Compact Comics Edition
9781799508113,DC Finest: Wonder Woman: Dawn Before Darkness
9781799508236,Batman: Detective Comics: The New 52 Omnibus Vol. 2
9781799508281,Superman: Red Son: DC Compact Comics Edition
9781799508342,Superman Adventures Compendium Two
9781799508557,Batgirl of Burnside: DC Compact Comics Edition
9781799508830,DC Finest: Justice League of America: Crisis on Earth-X
9781799508960,Batgirl Vol. 3: The War of Shadows
9781799509035,Absolute Green Lantern: Rebirth (New Edition)
9781799510277,DC Finest: Hard Traveling Heroes
9781799510291,DC Finest: Green Lantern: Setting Up Shop
9781799513605,DC Finest: Supergirl: Die and Let Live
9781799517092,Absolute Batman Vol. 1: The Zoo (LEE)
9781846532979,Hawkeye Omnibus Vol. 1
9785012256263,DC Finest: Batman: The Killing Joke and Other Stories
9798887241296,Teenage Mutant Ninja Turtles: The Last Ronin II--Re-Evolution
9798892155625,Something is Killing the Children Omnibus Vol. 1
9798892156387,BRZRKR Book One
